0	41	96	0	__yo_t828		SmWhileContinueInfo : SmWhileContinueInfo (reference counted)
0	0	80	0	__yo_t1197		: <struct:struct_yo_id_947931> (reference counted)
0	20	96	0	__yo_t883		OverlappingSlot : OverlappingSlot (reference counted)
0	0	80	0	__yo_t639		: <struct:struct_yo_id_303366> (reference counted)
0	0	80	0	__yo_t1032		: <struct:struct_yo_id_757652> (reference counted)
0	0	152	0	__yo_t1207		PublicSafeFinding : PublicSafeFinding (reference counted)
0	1	96	0	__yo_t44		Command : Command (reference counted)
0	20	184	0	__yo_t804		WhileLoopInfo : WhileLoopInfo (reference counted)
83	100	80	6640	__yo_t120		: <struct:struct_yo_id_298101> (reference counted)
0	0	112	0	__yo_t990		PkgConfigResult : PkgConfigResult (reference counted)
0	252	72	0	__yo_t880		OverlappingStorageResult : OverlappingStorageResult (reference counted)
0	4	88	0	__yo_t855	TRACKED	: <struct:struct_yo_id_1166434> (reference counted)
3550112	10577058	136	482815232	__yo_t7		Token : Token (reference counted)
4	70	80	320	__yo_t798		: <struct:struct_yo_id_1108268> (reference counted)
0	0	160	0	__yo_t127	TRACKED	EffectAnalysisResult : EffectAnalysisResult (reference counted)
0	0	80	0	__yo_t1192		: <struct:struct_yo_id_755306> (reference counted)
4015733	18372465	80	321258640	__yo_t9		: <struct:struct_yo_id_17685> (reference counted)
0	0	88	0	__yo_t669		DependencyArtifactRef : DependencyArtifactRef (reference counted)
3	7	88	264	__yo_t595		: <struct:struct_yo_id_27100> (reference counted)
0	0	80	0	__yo_t1050		: <struct:struct_yo_id_757618> (reference counted)
0	0	80	0	__yo_t1146		: <struct:struct_yo_id_880806> (reference counted)
2354	2496911	80	188320	__yo_t94	TRACKED	: <struct:struct_yo_id_26081> (reference counted)
2	14	88	176	__yo_t363		: <struct:struct_yo_id_339189> (reference counted)
0	2	80	0	__yo_t768		: <struct:struct_yo_id_1172951> (reference counted)
0	0	80	0	__yo_t134		: <struct:struct_yo_id_298154> (reference counted)
2458	166912	136	334288	__yo_t271		MethodEntry : MethodEntry (reference counted)
0	100	72	0	__yo_t424	TRACKED	Box(<struct:capture_yo_id_397290>) : Box(<struct:capture_yo_id_397290>) (reference counted)
0	0	64	0	__yo_t431	TRACKED	Box(<struct:struct_decl_1974909_file__//Users/yiyiwang/Workspace/Yo/yo-self/evaluator/async/await_an
0	0	80	0	__yo_t1173		: <struct:struct_yo_id_886790> (reference counted)
1	8	88	88	__yo_t452		: <struct:struct_yo_id_356607> (reference counted)
0	0	80	0	__yo_t1205		: <struct:struct_yo_id_953555> (reference counted)
55	1290	88	4840	__yo_t763	TRACKED	: <struct:struct_yo_id_1108336> (reference counted)
0	0	88	0	__yo_t1311	TRACKED+NODISPOSE	: <struct:struct_yo_id_22100> (reference counted)
0	5836	88	0	__yo_t306		BindingResult : BindingResult (reference counted)
2746167	95554476	80	219693360	__yo_t20		: <struct:struct_yo_id_3541> (reference counted)
1	368	88	88	__yo_t103	TRACKED	: <struct:struct_yo_id_298783> (reference counted)
965	13123313	88	84920	__yo_t172		: <struct:struct_yo_id_22263> (reference counted)
0	62	112	0	__yo_t617	TRACKED	C2InFlightImpl : C2InFlightImpl (reference counted)
0	0	80	0	__yo_t1082		: <struct:struct_yo_id_757563> (reference counted)
0	0	192	0	__yo_t1199		UnsafeFinding : UnsafeFinding (reference counted)
0	0	80	0	__yo_t1211		: <struct:struct_yo_id_953671> (reference counted)
0	0	80	0	__yo_t933		: <struct:struct_yo_id_10439> (reference counted)
1066090	1066090	64	68229760	__yo_t148		Box(Token) : Box(Token) (reference counted)
2	55	144	288	__yo_t812		AsyncCondBranchInfo : AsyncCondBranchInfo (reference counted)
0	0	120	0	__yo_t956		NfaVm : NfaVm (reference counted)
0	207	80	0	__yo_t870		: <struct:struct_yo_id_1143884> (reference counted)
1	10	88	88	__yo_t718		: <struct:struct_yo_id_1105702> (reference counted)
2	72	88	176	__yo_t770		SyncParamSlot : SyncParamSlot (reference counted)
0	0	80	0	__yo_t1059		: <struct:struct_yo_id_757577> (reference counted)
1	1	64	64	__yo_t38	NODISPOSE	HostInfo : HostInfo (reference counted)
0	210	80	0	__yo_t872		: <struct:struct_yo_id_1144164> (reference counted)
0	0	64	0	__yo_t1391	TRACKED	Box(<struct:struct_decl_1975656_file__//Users/yiyiwang/Workspace/Yo/yo-self/evaluator/effects/effect
0	2001	80	0	__yo_t191		CapturedVarInfo : CapturedVarInfo (reference counted)
0	0	80	0	__yo_t1227	TRACKED+NODISPOSE	: <struct:struct_decl_96553_file__//Users/yiyiwang/Workspace/Yo/std/collections/array_list_yo> (refe
1	6	88	88	__yo_t251		: <struct:struct_yo_id_27424> (reference counted)
0	0	80	0	__yo_t54		: <struct:struct_yo_id_7584> (reference counted)
0	0	80	0	__yo_t592		GadtTcaEntry : GadtTcaEntry (reference counted)
1	70	88	88	__yo_t809		: <struct:struct_yo_id_1108366> (reference counted)
0	0	72	0	__yo_t959		NfaThread : NfaThread (reference counted)
0	0	80	0	__yo_t957		: <struct:struct_yo_id_12460> (reference counted)
1	8330	88	88	__yo_t537		: <struct:struct_yo_id_300613> (reference counted)
0	0	80	0	__yo_t1148		: <struct:struct_yo_id_880811> (reference counted)
2623	22566	72	188856	__yo_t223		FrameNameIndex : FrameNameIndex (reference counted)
0	19054657	64	0	__yo_t206		StringBuilder : StringBuilder (reference counted)
0	488801	80	0	__yo_t490		DupCallsResult : DupCallsResult (reference counted)
3	489031	88	264	__yo_t375		: <struct:struct_yo_id_339534> (reference counted)
0	0	88	0	__yo_t1012		: <struct:struct_yo_id_946185> (reference counted)
107	107	80	8560	__yo_t485	TRACKED	: <struct:struct_yo_id_302993> (reference counted)
17	1293806	80	1360	__yo_t341		: <struct:struct_yo_id_339395> (reference counted)
10396917	154660936	192	1996208064	__yo_t143	TRACKED	Variable : Variable (reference counted)
2	8	88	176	__yo_t461		: <struct:struct_yo_id_312728> (reference counted)
4243	4996	128	543104	__yo_t395	TRACKED	SuspensionCapturedVariable : SuspensionCapturedVariable (reference counted)
205	205	112	22960	__yo_t427		AwaitPoint : AwaitPoint (reference counted)
0	0	80	0	__yo_t937		: <struct:struct_yo_id_10444> (reference counted)
0	0	136	0	__yo_t678		ImportedModule : ImportedModule (reference counted)
6	121	136	816	__yo_t800		CondBranch : CondBranch (reference counted)
42871	42871	104	4458584	__yo_t150		VariableRare : VariableRare (reference counted)
1	1	80	80	__yo_t1248		: <struct:struct_yo_id_315838> (reference counted)
0	765	120	0	__yo_t874		StateSegment : StateSegment (reference counted)
0	0	112	0	__yo_t1210		_FnDecl : _FnDecl (reference counted)
1374	1374	96	131904	__yo_t520		RecursiveTypeRef : RecursiveTypeRef (reference counted)
0	1903633	72	0	__yo_t164	TRACKED	ExpectedTypeCtx : ExpectedTypeCtx (reference counted)
0	90	88	0	__yo_t439		: <struct:struct_yo_id_357785> (reference counted)
0	66	88	0	__yo_t898		: <struct:struct_yo_id_1152782> (reference counted)
983	9256	80	78640	__yo_t449		: <struct:struct_yo_id_356601> (reference counted)
0	155786	80	0	__yo_t714		RuntimeStructField : RuntimeStructField (reference counted)
0	0	152	0	__yo_t992		ExecutionContext : ExecutionContext (reference counted)
0	0	128	0	__yo_t668		BuildSystemLibrary : BuildSystemLibrary (reference counted)
2	12	72	144	__yo_t824		ChainedCondBranches : ChainedCondBranches (reference counted)
0	0	80	0	__yo_t920		: <struct:struct_yo_id_10990> (reference counted)
10173252	77229526	80	813860160	__yo_t92		: <struct:struct_yo_id_4042> (reference counted)
337	2583	88	29656	__yo_t254		: <struct:struct_yo_id_27415> (reference counted)
30	30	64	1920	__yo_t145	TRACKED	Box(<struct:struct_decl_514240_file__//Users/yiyiwang/Workspace/Yo/yo-self/env_yo>) : Box(<struct:st
0	0	80	0	__yo_t311	TRACKED	SynthesizeResult : SynthesizeResult (reference counted)
0	0	88	0	__yo_t1181		: <struct:struct_yo_id_899981> (reference counted)
0	140	80	0	__yo_t862		CrossBoundaryResult : CrossBoundaryResult (reference counted)
0	0	72	0	__yo_t43		TempDir : TempDir (reference counted)
3179767	3181574	80	254381360	__yo_t85	TRACKED	: <struct:struct_yo_id_19727> (reference counted)
0	41	88	0	__yo_t826		SmWhileBreakInfo : SmWhileBreakInfo (reference counted)
0	3556	80	0	__yo_t554		: <struct:struct_yo_id_366955> (reference counted)
1	2	88	88	__yo_t725		: <struct:struct_yo_id_1105712> (reference counted)
0	0	152	0	__yo_t636		BuildRegistry : BuildRegistry (reference counted)
1	12	88	88	__yo_t404		: <struct:struct_yo_id_300474> (reference counted)
1	1	80	80	__yo_t50		Output : Output (reference counted)
0	0	104	0	__yo_t914		Regex : Regex (reference counted)
568	568	72	40896	__yo_t884	NODISPOSE	_SlotRange : _SlotRange (reference counted)
2243	6075449	80	179440	__yo_t269		: <struct:struct_yo_id_26867> (reference counted)
1	1	80	80	__yo_t1242		: <struct:struct_yo_id_311610> (reference counted)
0	0	80	0	__yo_t916		: <struct:struct_yo_id_11901> (reference counted)
301186	301186	72	21685392	__yo_t547	NODISPOSE	IntRange : IntRange (reference counted)
0	0	88	0	__yo_t1019		: <struct:struct_yo_id_947159> (reference counted)
194	200	72	13968	__yo_t464		ClosureCaptureInfo : ClosureCaptureInfo (reference counted)
0	0	64	0	__yo_t946		NfaCompiler : NfaCompiler (reference counted)
1	70	88	88	__yo_t801		: <struct:struct_yo_id_1108350> (reference counted)
0	0	88	0	__yo_t1346	TRACKED+NODISPOSE	: <struct:struct_yo_id_19001> (reference counted)
0	0	96	0	__yo_t973		InitOptions : InitOptions (reference counted)
0	0	80	0	__yo_t651		: <struct:struct_yo_id_303396> (reference counted)
0	0	80	0	__yo_t1157		: <struct:struct_yo_id_880841> (reference counted)
0	0	152	0	__yo_t1094		Box(<struct:struct_decl_6142119_file__//Users/yiyiwang/Workspace/Yo/yo-self/doc/model_yo>) : Box(<st
0	0	96	0	__yo_t915		NfaProgram : NfaProgram (reference counted)
1	1	80	80	__yo_t1232		: <struct:struct_yo_id_21487> (reference counted)
3	13379	88	264	__yo_t501		: <struct:struct_yo_id_300321> (reference counted)
0	0	88	0	__yo_t667		BuildPathDependency : BuildPathDependency (reference counted)
0	3383	80	0	__yo_t316	TRACKED	DestructuringResult : DestructuringResult (reference counted)
100	101	88	8800	__yo_t390		: <struct:struct_yo_id_346770> (reference counted)
0	0	88	0	__yo_t1073		: <struct:struct_yo_id_758416> (reference counted)
0	0	88	0	__yo_t1203		UnsafeReport : UnsafeReport (reference counted)
0	904	80	0	__yo_t608		: <struct:struct_yo_id_403114> (reference counted)
0	0	136	0	__yo_t977		LockEntry : LockEntry (reference counted)
0	0	80	0	__yo_t507		VarArgEntry : VarArgEntry (reference counted)
0	0	80	0	__yo_t590		GadtEntry : GadtEntry (reference counted)
0	210	80	0	__yo_t867		: <struct:struct_yo_id_1143872> (reference counted)
0	0	88	0	__yo_t1054		: <struct:struct_yo_id_759251> (reference counted)
0	751	88	0	__yo_t1254		ImplicitEntry : ImplicitEntry (reference counted)
0	0	104	0	__yo_t1016		StepResult : StepResult (reference counted)
0	0	72	0	__yo_t533	TRACKED	ModuleTypeCallResult : ModuleTypeCallResult (reference counted)
0	0	120	0	__yo_t666		BuildGitDependency : BuildGitDependency (reference counted)
0	0	80	0	__yo_t1041		: <struct:struct_yo_id_757106> (reference counted)
0	0	80	0	__yo_t1034		: <struct:struct_yo_id_757657> (reference counted)
0	17685	80	0	__yo_t329		: <struct:struct_yo_id_339797> (reference counted)
0	0	88	0	__yo_t704		IsoTypeInfo : IsoTypeInfo (reference counted)
0	735	88	0	__yo_t869		SuspensionSegment : SuspensionSegment (reference counted)
0	0	88	0	__yo_t1129		: <struct:struct_yo_id_766078> (reference counted)
0	0	88	0	__yo_t1153		: <struct:struct_yo_id_880823> (reference counted)
0	6304	80	0	__yo_t1252		: <struct:struct_yo_id_327991> (reference counted)
0	201	88	0	__yo_t400	TRACKED	: <struct:struct_yo_id_344987> (reference counted)
0	691	176	0	__yo_t558	TRACKED	IndexCallResult : IndexCallResult (reference counted)
0	0	64	0	__yo_t397	TRACKED	Box(<struct:struct_decl_1975133_file__//Users/yiyiwang/Workspace/Yo/yo-self/evaluator/shared/suspens
5640	1287873	80	451200	__yo_t344		: <struct:struct_yo_id_339183> (reference counted)
0	0	136	0	__yo_t935	TRACKED	RegexNode : RegexNode (reference counted)
0	0	80	0	__yo_t627		: <struct:struct_yo_id_406787> (reference counted)
1	1	80	80	__yo_t1236		: <struct:struct_yo_id_26741> (reference counted)
0	78	88	0	__yo_t848		: <struct:struct_yo_id_1118358> (reference counted)
0	0	80	0	__yo_t953		: <struct:struct_yo_id_1217997> (reference counted)
0	0	144	0	__yo_t531		PendingDefEval : PendingDefEval (reference counted)
0	391	80	0	__yo_t183		: <struct:struct_yo_id_303036> (reference counted)
1	1	80	80	__yo_t1240		: <struct:struct_yo_id_300047> (reference counted)
1	5063	440	440	__yo_t162	TRACKED	EvalContext : EvalContext (reference counted)
1	1	80	80	__yo_t1239		: <struct:struct_yo_id_299853> (reference counted)
0	0	80	0	__yo_t1139		: <struct:struct_yo_id_878251> (reference counted)
1544	1957	104	160576	__yo_t694		CodegenTypeEntry : CodegenTypeEntry (reference counted)
0	0	80	0	__yo_t1025	TRACKED	: <struct:struct_yo_id_757669> (reference counted)
0	65414463	80	0	__yo_t581		: <struct:struct_yo_id_314545> (reference counted)
0	0	64	0	__yo_t28	NODISPOSE	Box(IoError) : Box(IoError) (reference counted)
1	1	80	80	__yo_t1257	TRACKED	: <struct:struct_yo_id_329581> (reference counted)
0	30513	80	0	__yo_t178	TRACKED	: <struct:struct_yo_id_303027> (reference counted)
1	1	88	88	__yo_t380		: <struct:struct_yo_id_338805> (reference counted)
266846	2745536	96	25617216	__yo_t137	TRACKED	Frame : Frame (reference counted)
29934	3071032	80	2394720	__yo_t83		: <struct:struct_yo_id_8580> (reference counted)
0	35322	112	0	__yo_t513	TRACKED	ComptimeFnCallResult : ComptimeFnCallResult (reference counted)
0	0	80	0	__yo_t1137		: <struct:struct_yo_id_878246> (reference counted)
6209	155204	80	496720	__yo_t720		CodegenFunctionEntry : CodegenFunctionEntry (reference counted)
1	1	96	96	__yo_t41		TargetInfo : TargetInfo (reference counted)
0	0	80	0	__yo_t1118		: <struct:struct_yo_id_893683> (reference counted)
89	90	136	12104	__yo_t743		ImplClosureCallInfo : ImplClosureCallInfo (reference counted)
1	7	88	88	__yo_t469	TRACKED	: <struct:struct_yo_id_296302> (reference counted)
2	15	88	176	__yo_t351		: <struct:struct_yo_id_19781> (reference counted)
1	1	80	80	__yo_t1231		: <struct:struct_yo_id_21442> (reference counted)
0	0	88	0	__yo_t1285	TRACKED+NODISPOSE	: <struct:struct_yo_id_19169> (reference counted)
0	1798953	80	0	__yo_t199		: <struct:struct_yo_id_14232> (reference counted)
1	1	80	80	__yo_t1263	TRACKED	: <struct:struct_yo_id_362466> (reference counted)
0	0	80	0	__yo_t1155		: <struct:struct_yo_id_880836> (reference counted)
0	390	64	0	__yo_t835		InAsyncStateMachine : InAsyncStateMachine (reference counted)
2624	145178	88	230912	__yo_t224		: <struct:struct_yo_id_27740> (reference counted)
33827	270974	128	4329856	__yo_t76		Box(FuncValData) : Box(FuncValData) (reference counted)
0	1096	80	0	__yo_t392		: <struct:struct_yo_id_298070> (reference counted)
0	0	96	0	__yo_t665		BuildStep : BuildStep (reference counted)
0	0	80	0	__yo_t1097		: <struct:struct_yo_id_334414> (reference counted)
0	0	80	0	__yo_t1214		: <struct:struct_yo_id_953757> (reference counted)
1	1	80	80	__yo_t1256	TRACKED	: <struct:struct_yo_id_329570> (reference counted)
6	6	80	480	__yo_t697		ArrayStructInfo : ArrayStructInfo (reference counted)
0	0	80	0	__yo_t265		SynthesizeOptions : SynthesizeOptions (reference counted)
0	0	104	0	__yo_t980		CachedDepState : CachedDepState (reference counted)
0	0	80	0	__yo_t1165		: <struct:struct_yo_id_889678> (reference counted)
100	100	56	5600	__yo_t426	NODISPOSE	Box(<struct:capture_yo_id_347098>) : Box(<struct:capture_yo_id_347098>) (reference counted)
0	27486	80	0	__yo_t578		: <struct:struct_yo_id_298451> (reference counted)
1	2	80	80	__yo_t761	TRACKED	: <struct:struct_yo_id_1108388> (reference counted)
0	0	88	0	__yo_t1123	TRACKED	: <struct:struct_yo_id_894381> (reference counted)
0	0	80	0	__yo_t1219	NODISPOSE	PublicSafeTotals : PublicSafeTotals (reference counted)
264974	2743664	88	23317712	__yo_t140		: <struct:struct_yo_id_27698> (reference counted)
0	1713136	136	0	__yo_t479	TRACKED	CheckParamResult : CheckParamResult (reference counted)
0	0	80	0	__yo_t643		: <struct:struct_yo_id_303376> (reference counted)
0	0	80	0	__yo_t645		: <struct:struct_yo_id_303381> (reference counted)
0	0	96	0	__yo_t211		LexerError : LexerError (reference counted)
0	0	80	0	__yo_t1091		: <struct:struct_yo_id_757630> (reference counted)
0	0	80	0	__yo_t960		: <struct:struct_yo_id_12614> (reference counted)
0	0	80	0	__yo_t1170		: <struct:struct_yo_id_886782> (reference counted)
0	5512	120	0	__yo_t181		SpecializingFunctionInfo : SpecializingFunctionInfo (reference counted)
0	2407482	80	0	__yo_t201		: <struct:struct_yo_id_14169> (reference counted)
0	1331600	96	0	__yo_t504		ArgValues : ArgValues (reference counted)
0	0	80	0	__yo_t130	TRACKED	: <struct:struct_yo_id_298144> (reference counted)
0	3665241	80	0	__yo_t476		: <struct:struct_yo_id_303095> (reference counted)
2	349	80	160	__yo_t186		: <struct:struct_yo_id_303047> (reference counted)
0	0	80	0	__yo_t649		: <struct:struct_yo_id_303391> (reference counted)
0	2	80	0	__yo_t194	TRACKED	ImplConcreteTypeInfo : ImplConcreteTypeInfo (reference counted)
0	0	80	0	__yo_t1036	TRACKED	: <struct:struct_yo_id_757664> (reference counted)
0	15829	80	0	__yo_t568	TRACKED	: <struct:struct_yo_id_387187> (reference counted)
13520	13520	88	1189760	__yo_t325		BranchInitRecord : BranchInitRecord (reference counted)
0	0	96	0	__yo_t1196		InstallOptions : InstallOptions (reference counted)
0	3703	80	0	__yo_t174	TRACKED	LoopBodyCtx : LoopBodyCtx (reference counted)
1	1	592	592	__yo_t833	TRACKED	FunctionGenerationContext : FunctionGenerationContext (reference counted)
0	8268	88	0	__yo_t539	TRACKED	TypeCallResult : TypeCallResult (reference counted)
0	4715	88	0	__yo_t169		: <struct:struct_yo_id_303003> (reference counted)
0	0	120	0	__yo_t774		EvidenceParameter : EvidenceParameter (reference counted)
0	100	80	0	__yo_t411	TRACKED	: <struct:struct_yo_id_298075> (reference counted)
0	3799	96	0	__yo_t193		LoadModuleResult : LoadModuleResult (reference counted)
0	0	176	0	__yo_t1188		BuildOptions : BuildOptions (reference counted)
5636704	11538119	80	450936320	__yo_t99	TRACKED	: <struct:struct_yo_id_28085> (reference counted)
0	100	88	0	__yo_t414	TRACKED	SuspensionPointDetector : SuspensionPointDetector (reference counted)
153	450	80	12240	__yo_t122	TRACKED	: <struct:struct_yo_id_298106> (reference counted)
0	0	80	0	__yo_t918		: <struct:struct_yo_id_11906> (reference counted)
1	1	88	88	__yo_t1243	TRACKED	: <struct:struct_yo_id_313063> (reference counted)
0	0	80	0	__yo_t637		: <struct:struct_yo_id_303361> (reference counted)
155	1282	88	13640	__yo_t124		: <struct:struct_yo_id_21533> (reference counted)
0	2863300	80	0	__yo_t262		: <struct:struct_yo_id_315884> (reference counted)
0	0	184	0	__yo_t629		AsmOperand : AsmOperand (reference counted)
0	0	112	0	__yo_t967		RegexMatch : RegexMatch (reference counted)
0	0	88	0	__yo_t1297	TRACKED+NODISPOSE	: <struct:struct_yo_id_19087> (reference counted)
0	20	72	0	__yo_t542	TRACKED	TraitSpecializationResult : TraitSpecializationResult (reference counted)
205	215	176	36080	__yo_t394		SuspensionPoint : SuspensionPoint (reference counted)
1	1	344	344	__yo_t832	TRACKED	CodeGenContext : CodeGenContext (reference counted)
0	2	104	0	__yo_t806		CondBranchPostWhileExprs : CondBranchPostWhileExprs (reference counted)
0	0	80	0	__yo_t987		FetchResult : FetchResult (reference counted)
4158	44833	72	299376	__yo_t25		Path : Path (reference counted)
0	0	80	0	__yo_t529		: <struct:struct_yo_id_350345> (reference counted)
0	11846119	88	0	__yo_t264		TypePair : TypePair (reference counted)
0	0	80	0	__yo_t983		: <struct:struct_yo_id_306123> (reference counted)
0	0	80	0	__yo_t188		WhereClauseConstraints : WhereClauseConstraints (reference counted)
0	0	128	0	__yo_t1387		EffectHandlerInfo : EffectHandlerInfo (reference counted)
2	8	88	176	__yo_t272		: <struct:struct_yo_id_26873> (reference counted)
0	18645	80	0	__yo_t336		: <struct:struct_yo_id_341434> (reference counted)
0	0	120	0	__yo_t663		BuildTestSuite : BuildTestSuite (reference counted)
21	69	104	2184	__yo_t727		CodegenExternFnEntry : CodegenExternFnEntry (reference counted)
153	240	88	13464	__yo_t119	TRACKED	AwaitAnalysisResult : AwaitAnalysisResult (reference counted)
0	218696	104	0	__yo_t276		Substitution : Substitution (reference counted)
107	107	80	8560	__yo_t484	TRACKED	SpecializedFunctionCacheEntry : SpecializedFunctionCacheEntry (reference counted)
0	1	80	0	__yo_t843		: <struct:struct_yo_id_1118265> (reference counted)
0	0	88	0	__yo_t1233	TRACKED+NODISPOSE	: <struct:struct_decl_441615_file__//Users/yiyiwang/Workspace/Yo/std/collections/hash_set_yo> (refer
1	8	80	80	__yo_t814		: <struct:struct_yo_id_1108277> (reference counted)
266846	14388437	80	21347680	__yo_t138	TRACKED	: <struct:struct_yo_id_27692> (reference counted)
1	3	88	88	__yo_t369		: <struct:struct_yo_id_339401> (reference counted)
0	0	152	0	__yo_t750		ParsedOperand : ParsedOperand (reference counted)
1	26862	80	80	__yo_t96	TRACKED	: <struct:struct_yo_id_314314> (reference counted)
0	0	80	0	__yo_t1028		: <struct:struct_yo_id_757612> (reference counted)
1	1	80	80	__yo_t852	NODISPOSE	AsyncRuntimeOptions : AsyncRuntimeOptions (reference counted)
0	1331600	80	0	__yo_t505		: <struct:struct_yo_id_303104> (reference counted)
2756	2756	88	242528	__yo_t488	TRACKED	SpecializedFunctionCache : SpecializedFunctionCache (reference counted)
0	334193	80	0	__yo_t232		: <struct:struct_yo_id_17509> (reference counted)
8727775	152989861	80	698222000	__yo_t73		: <struct:struct_yo_id_26065> (reference counted)
1	2	88	88	__yo_t1264		: <struct:struct_yo_id_1105251> (reference counted)
70	70	240	16800	__yo_t759	TRACKED	DeferredAsyncBlock : DeferredAsyncBlock (reference counted)
1	11	88	88	__yo_t357		: <struct:struct_yo_id_339031> (reference counted)
0	1790286	88	0	__yo_t478		ArgEntry : ArgEntry (reference counted)
0	0	80	0	__yo_t931		: <struct:struct_yo_id_10983> (reference counted)
0	114	88	0	__yo_t887		: <struct:struct_yo_id_1152486> (reference counted)
215	215	104	22360	__yo_t387		AwaitPointExtra : AwaitPointExtra (reference counted)
0	72	80	0	__yo_t777		: <struct:struct_yo_id_1164674> (reference counted)
5644704	8797800	456	2573985024	__yo_t105	TRACKED	ExprInfo : ExprInfo (reference counted)
0	32066	80	0	__yo_t772		: <struct:struct_yo_id_1118760> (reference counted)
0	0	80	0	__yo_t975		: <struct:struct_yo_id_305740> (reference counted)
0	0	80	0	__yo_t62		: <struct:struct_yo_id_7445> (reference counted)
0	354	104	0	__yo_t616	TRACKED	AnonModuleResult : AnonModuleResult (reference counted)
843	843	88	74184	__yo_t519		EnumCfidEntry : EnumCfidEntry (reference counted)
0	0	264	0	__yo_t659		BuildArtifact : BuildArtifact (reference counted)
0	0	80	0	__yo_t647		: <struct:struct_yo_id_303386> (reference counted)
0	0	136	0	__yo_t1204	NODISPOSE	UnsafeTotals : UnsafeTotals (reference counted)
0	0	80	0	__yo_t1114		: <struct:struct_yo_id_764156> (reference counted)
1	8	88	88	__yo_t691		: <struct:struct_yo_id_1105693> (reference counted)
0	1	80	0	__yo_t909		: <struct:struct_yo_id_1129799> (reference counted)
0	252	80	0	__yo_t881		: <struct:struct_yo_id_1152415> (reference counted)
0	1195693	152	0	__yo_t512	TRACKED	FuncCallResult : FuncCallResult (reference counted)
0	0	88	0	__yo_t158	TRACKED+NODISPOSE	: <struct:struct_yo_id_18685> (reference counted)
0	0	80	0	__yo_t1062		: <struct:struct_yo_id_757585> (reference counted)
0	0	80	0	__yo_t1202		ExternCallee : ExternCallee (reference counted)
0	0	120	0	__yo_t783		EvidenceParameter : EvidenceParameter (reference counted)
0	302	88	0	__yo_t863		: <struct:struct_yo_id_1152052> (reference counted)
0	0	80	0	__yo_t1135		: <struct:struct_yo_id_878241> (reference counted)
0	0	80	0	__yo_t661		: <struct:struct_yo_id_303351> (reference counted)
12549345	77247175	80	1003947600	__yo_t78		: <struct:struct_yo_id_19710> (reference counted)
135	135	80	10800	__yo_t196		: <struct:struct_yo_id_302986> (reference counted)
0	100	88	0	__yo_t413	TRACKED	SuspensionAnalysisResult : SuspensionAnalysisResult (reference counted)
0	1127	112	0	__yo_t845		_TypeWalkEntry : _TypeWalkEntry (reference counted)
2	4	88	176	__yo_t346		: <struct:struct_yo_id_338653> (reference counted)
1	4	88	88	__yo_t432	TRACKED	: <struct:struct_yo_id_347486> (reference counted)
3383	3383	80	270640	__yo_t114		: <struct:struct_yo_id_298535> (reference counted)
0	110906	80	0	__yo_t549	TRACKED	: <struct:struct_yo_id_370085> (reference counted)
0	0	120	0	__yo_t213		ParseError : ParseError (reference counted)
0	334193	80	0	__yo_t235		YoError : YoError (reference counted)
0	0	80	0	__yo_t968		: <struct:struct_yo_id_12758> (reference counted)
0	0	168	0	__yo_t982	NODISPOSE	Sha256 : Sha256 (reference counted)
0	0	80	0	__yo_t1208		: <struct:struct_yo_id_953855> (reference counted)
0	0	96	0	__yo_t670		BuildModuleEntry : BuildModuleEntry (reference counted)
0	1	80	0	__yo_t47		: <struct:struct_yo_id_5839> (reference counted)
2532151	4498820	80	202572080	__yo_t87		: <struct:struct_yo_id_19734> (reference counted)
348	348	80	27840	__yo_t29		File : File (reference counted)
1624	24666	88	142912	__yo_t516		CalledComptimeFnCache : CalledComptimeFnCache (reference counted)
0	0	88	0	__yo_t994		DAGNode : DAGNode (reference counted)
0	0	72	0	__yo_t543	TRACKED	TraitTypeCallResult : TraitTypeCallResult (reference counted)
0	0	88	0	__yo_t1194		SemVer : SemVer (reference counted)
0	0	80	0	__yo_t748		: <struct:struct_yo_id_1134540> (reference counted)
0	21804821	80	0	__yo_t583		: <struct:struct_yo_id_314601> (reference counted)
0	0	80	0	__yo_t320	NODISPOSE	FlowOptions : FlowOptions (reference counted)
10759	11709	232	2496088	__yo_t81		Box(FuncMeta) : Box(FuncMeta) (reference counted)
0	0	80	0	__yo_t653		: <struct:struct_yo_id_303401> (reference counted)
0	0	88	0	__yo_t672		BuildDeclaredOption : BuildDeclaredOption (reference counted)
0	0	72	0	__yo_t1218		PublicSafeReport : PublicSafeReport (reference counted)
0	0	88	0	__yo_t283	TRACKED+NODISPOSE	: <struct:struct_yo_id_21820> (reference counted)
1	4	88	88	__yo_t741		: <struct:struct_yo_id_1105766> (reference counted)
1	13	88	88	__yo_t307		: <struct:struct_yo_id_313651> (reference counted)
0	0	80	0	__yo_t11	TRACKED+NODISPOSE	: <struct:struct_yo_id_3177> (reference counted)
0	0	96	0	__yo_t664		BuildRunStep : BuildRunStep (reference counted)
0	0	80	0	__yo_t1200		: <struct:struct_yo_id_947936> (reference counted)
0	325	80	0	__yo_t408		: <struct:struct_yo_id_346222> (reference counted)
7	2325	88	616	__yo_t735		DynImplEntry : DynImplEntry (reference counted)
0	0	80	0	__yo_t128		: <struct:struct_yo_id_298139> (reference counted)
0	120366	88	0	__yo_t493		: <struct:struct_yo_id_348628> (reference counted)
1	2	88	88	__yo_t733		: <struct:struct_yo_id_1105749> (reference counted)
42727485	669809052	80	3418198800	__yo_t2		: <struct:struct_yo_id_3496> (reference counted)
2	23	88	176	__yo_t323		: <struct:struct_yo_id_299863> (reference counted)
16	16	80	1280	__yo_t295	TRACKED	: <struct:struct_yo_id_329565> (reference counted)
73769	363668	240	17704560	__yo_t112	TRACKED	ExprInfoRare : ExprInfoRare (reference counted)
0	15829	80	0	__yo_t571	TRACKED	: <struct:struct_yo_id_387242> (reference counted)
3556	56744	88	312928	__yo_t314		: <struct:struct_yo_id_313307> (reference counted)
0	0	80	0	__yo_t928		: <struct:struct_yo_id_11706> (reference counted)
9	29	88	792	__yo_t300		: <struct:struct_yo_id_299505> (reference counted)
1	1	80	80	__yo_t1262		: <struct:struct_yo_id_355785> (reference counted)
70	70	80	5600	__yo_t755		: <struct:struct_yo_id_1108195> (reference counted)
0	1	104	0	__yo_t808		OuterWhileLoop : OuterWhileLoop (reference counted)
0	0	88	0	__yo_t1229	TRACKED+NODISPOSE	: <struct:struct_decl_330077_file__//Users/yiyiwang/Workspace/Yo/std/collections/hash_map_yo> (refer
0	0	80	0	__yo_t951		Metadata : Metadata (reference counted)
2	7	88	176	__yo_t419		: <struct:struct_yo_id_299095> (reference counted)
1	1	80	80	__yo_t1247		: <struct:struct_yo_id_315784> (reference counted)
0	0	80	0	__yo_t989		FetchDepResult : FetchDepResult (reference counted)
0	0	80	0	__yo_t655		: <struct:struct_yo_id_303406> (reference counted)
0	0	80	0	__yo_t1007		: <struct:struct_yo_id_946128> (reference counted)
4335	5041	88	381480	__yo_t428	TRACKED	CapturedVariable : CapturedVariable (reference counted)
0	73010	80	0	__yo_t495		: <struct:struct_yo_id_348115> (reference counted)
0	30513	104	0	__yo_t166	TRACKED	FuncOrAsyncBlockCtx : FuncOrAsyncBlockCtx (reference counted)
6	42	88	528	__yo_t267		: <struct:struct_yo_id_299365> (reference counted)
0	346	88	0	__yo_t779		EffectFieldMapping : EffectFieldMapping (reference counted)
0	0	192	0	__yo_t671		BuildDocConfig : BuildDocConfig (reference counted)
0	0	72	0	__yo_t23		Box(String) : Box(String) (reference counted)
0	112	88	0	__yo_t893		: <struct:struct_yo_id_758812> (reference counted)
0	119655	80	0	__yo_t712		: <struct:struct_yo_id_1106668> (reference counted)
0	0	88	0	__yo_t657		: <struct:struct_yo_id_303414> (reference counted)
0	70	216	0	__yo_t902	TRACKED	AsyncBlockStructInfo : AsyncBlockStructInfo (reference counted)
1007	242197	88	88616	__yo_t472	TRACKED	CaptureEnvEntry : CaptureEnvEntry (reference counted)
1	61	136	136	__yo_t831		Emitter : Emitter (reference counted)
0	244914	80	0	__yo_t602		: <struct:struct_yo_id_331634> (reference counted)
0	0	80	0	__yo_t1150		: <struct:struct_yo_id_880817> (reference counted)
609	1210	80	48720	__yo_t89		: <struct:struct_yo_id_19739> (reference counted)
0	0	80	0	__yo_t1389	TRACKED	EffectCapturedVariable : EffectCapturedVariable (reference counted)
1	1	88	88	__yo_t702		: <struct:struct_yo_id_1105730> (reference counted)
135	135	80	10800	__yo_t195		ComptimeFnCacheEntry : ComptimeFnCacheEntry (reference counted)
1	14	88	88	__yo_t509		: <struct:struct_yo_id_299230> (reference counted)
0	0	80	0	__yo_t641		: <struct:struct_yo_id_303371> (reference counted)
0	0	64	0	__yo_t974		LockFile : LockFile (reference counted)
1	1	88	88	__yo_t695		: <struct:struct_yo_id_1105721> (reference counted)
1	14	88	88	__yo_t321		: <struct:struct_yo_id_298927> (reference counted)
5681642	11389630	112	636343904	__yo_t98	TRACKED	Environment : Environment (reference counted)
0	0	80	0	__yo_t58		: <struct:struct_yo_id_7596> (reference counted)
0	15591482	72	0	__yo_t1251	TRACKED	SynthesizeResult : SynthesizeResult (reference counted)
0	267	80	0	__yo_t781		_FutureEffect : _FutureEffect (reference counted)
0	0	112	0	__yo_t1392		EffectCallPoint : EffectCallPoint (reference counted)
0	0	80	0	__yo_t1030		: <struct:struct_yo_id_757647> (reference counted)
1	8	88	88	__yo_t291		: <struct:struct_yo_id_336304> (reference counted)
70	70	112	7840	__yo_t757		ClosureParamSlot : ClosureParamSlot (reference counted)
0	0	80	0	__yo_t1085		: <struct:struct_yo_id_757605> (reference counted)
1	9	88	88	__yo_t220		: <struct:struct_yo_id_27749> (reference counted)
0	0	80	0	__yo_t1189		FetchOptions : FetchOptions (reference counted)
0	0	88	0	__yo_t998		: <struct:struct_yo_id_945972> (reference counted)
0	0	96	0	__yo_t985		_HashWorkItem : _HashWorkItem (reference counted)
0	0	104	0	__yo_t926		RegexParser : RegexParser (reference counted)
1	1	80	80	__yo_t686		: <struct:struct_yo_id_350444> (reference counted)
0	0	88	0	__yo_t1277	TRACKED+NODISPOSE	: <struct:struct_yo_id_18912> (reference counted)
0	0	88	0	__yo_t785		: <struct:struct_yo_id_1108378> (reference counted)
